<?xml version="1.0"?>
<schema xmlns:xsi="http://www.w3.org/2001/XMLSchema-instance" xsi:noNamespaceSchemaLocation="urn:magento:framework:Setup/Declaration/Schema/etc/schema.xsd">
	<table name="ck_grid_records" resource="default" engine="innodb" comment="Ck Grid Records">
		<column xsi:type="int" name="entity_id" padding="10" unsigned="true" nullable="false" identity="true" comment="Grid Record Id"/>
                <column xsi:type="text" name="title" nullable="false" comment="Title"/>
                <column xsi:type="text" name="content" nullable="false" comment="Post"/>
                <column xsi:type="timestamp" name="publish_date" comment="Publish Date"/>
                <column xsi:type="smallint" name="is_active" comment="Active Status"/>
		<column xsi:type="timestamp" name="created_at" on_update="false" nullable="false" default="CURRENT_TIMESTAMP" comment="Creation Time"/>
		<column xsi:type="timestamp" name="update_time" on_update="true" nullable="false" default="CURRENT_TIMESTAMP" comment="Modification Time"/>
		<constraint xsi:type="primary" referenceId="PRIMARY">
			<column name="entity_id"/>
		</constraint>
	</table>
</schema>

      